has_profile_pic,num_posts,num_followers,num_following,bio_len,text_content,is_fake
1,40,31,352,23,Can't wait for the weekend!,0
1,30,69,506,41,Can't wait for the weekend! Happy birthday to me! Can't wait for the weekend!,0
0,8,59,1083,2,Best deals on crypto. Win a free iPhone now.,1
0,1,15,985,9,DM for collaboration.,1
1,49,456,300,27,Can't wait for the weekend! Working on my new project.,0
1,68,142,626,22,Had an amazing trip with friends. Can't wait for the weekend!,0
0,7,13,799,1,Visit my profile for more. Discount codes available. Make money online fast.,1
1,66,830,425,20,Working on my new project. Learning Python is fun! Working on my new project.,0
0,5,19,813,5,Follow for follow back. Win a free iPhone now. Make money online fast.,1
1,17,3883,123,26,Loving the weather today. Working on my new project.,0
1,37,542,370,33,Learning Python is fun! Loving the weather today.,0
1,36,262,319,38,Had an amazing trip with friends. Check out my latest photo. Happy birthday to me!,0
1,35,107,179,39,Learning Python is fun! Can't wait for the weekend! Working on my new project.,0
1,50,808,388,18,Learning Python is fun! Life is good.,0
1,45,961,372,33,Loving the weather today.,0
0,3,18,808,7,Cheap luxury bags. DM for collaboration. Win a free iPhone now.,1
1,37,938,382,45,Had an amazing trip with friends. Life is good.,0
0,12,29,717,5,DM for collaboration.,1
0,9,8,993,7,Win a free iPhone now. Cheap luxury bags.,1
0,0,30,938,10,Earn $500 daily easily!,1
1,14,5,815,2,Earn $500 daily easily!,1
1,57,121,288,36,Exploring new places. Just had a great coffee!,0
1,40,841,451,35,Can't wait for the weekend! Learning Python is fun! Had an amazing trip with friends.,0
0,1,2,944,2,Win a free iPhone now. Follow for follow back.,1
0,4,0,775,3,Best deals on crypto. Cheap luxury bags.,1
0,0,22,799,7,Win a free iPhone now. Cheap luxury bags. Cheap luxury bags.,1
1,67,206,431,15,Loving the weather today. Had an amazing trip with friends.,0
1,3,31,1107,2,Make money online fast.,1
1,65,853,339,18,Had an amazing trip with friends.,0
1,62,417,411,19,Learning Python is fun! Working on my new project.,0
0,1,3,1021,1,Discount codes available. Cheap luxury bags.,1
1,35,1081,296,23,Can't wait for the weekend!,0
1,61,517,200,29,Working on my new project.,0
0,5,2,771,2,Discount codes available.,1
0,6,9,736,8,Discount codes available.,1
1,21,176,292,31,Learning Python is fun!,0
1,21,878,332,30,Just had a great coffee! Life is good. Exploring new places.,0
1,20,492,259,38,Happy birthday to me! Life is good.,0
0,0,10,1029,3,DM for collaboration. Follow for follow back.,1
1,51,950,139,11,Loving the weather today. Happy birthday to me!,0
0,13,2,1432,1,Earn $500 daily easily! Click here for free money!,1
0,0,35,662,4,Earn $500 daily easily! Best deals on crypto.,1
0,0,28,1322,6,Visit my profile for more. Win a free iPhone now.,1
1,63,209,231,8,Life is good. Just had a great coffee!,0
1,66,1104,280,21,Life is good. Life is good. Learning Python is fun!,0
1,31,12,268,26,Just had a great coffee! Learning Python is fun!,0
1,15,582,476,37,Just had a great coffee! Can't wait for the weekend!,0
1,23,1461,404,26,Life is good. Just had a great coffee!,0
1,16,334,388,31,Just had a great coffee!,0
1,46,388,284,27,Just had a great coffee!,0
1,12,26,1179,9,Cheap luxury bags.,1
1,76,47,369,8,Exploring new places. Working on my new project.,0
1,29,749,182,30,Loving the weather today. Loving the weather today. Exploring new places.,0
0,0,26,1220,3,Best deals on crypto. Follow for follow back. Make money online fast.,1
1,28,62,100,57,Life is good. Happy birthday to me!,0
1,1,10,1037,3,Discount codes available. Earn $500 daily easily! Cheap luxury bags.,1
0,0,91,1100,0,Click here for free money! DM for collaboration. Click here for free money!,1
0,7,24,726,10,Click here for free money! Best deals on crypto.,1
1,80,296,366,35,Check out my latest photo. Happy birthday to me! Just had a great coffee!,0
1,99,38,474,35,Just had a great coffee! Learning Python is fun!,0
0,2,7,966,24,DM for collaboration. Make money online fast. Visit my profile for more.,1
0,7,16,679,10,Follow for follow back. Cheap luxury bags. Best deals on crypto.,1
1,53,1664,374,45,Check out my latest photo. Learning Python is fun! Can't wait for the weekend!,0
0,3,26,994,3,Follow for follow back. Follow for follow back. Earn $500 daily easily!,1
1,72,1125,406,24,Life is good. Loving the weather today.,0
1,0,68,366,42,Life is good. Learning Python is fun!,0
0,1,5,1022,5,Visit my profile for more.,1
1,2,32,1340,3,Earn $500 daily easily! Make money online fast.,1
1,34,22,296,42,Exploring new places. Just had a great coffee! Happy birthday to me!,0
0,6,38,1020,3,Earn $500 daily easily! Visit my profile for more.,1
0,1,2,708,2,Visit my profile for more. Best deals on crypto.,1
1,2,1,867,1,Make money online fast. Click here for free money!,1
1,45,97,314,31,Loving the weather today. Had an amazing trip with friends.,0
0,0,18,888,8,Discount codes available. Cheap luxury bags.,1
1,3,2,859,7,Cheap luxury bags. Cheap luxury bags.,1
1,18,1345,136,42,Happy birthday to me! Learning Python is fun! Working on my new project.,0
1,53,128,198,17,Life is good.,0
0,4,1,851,0,Earn $500 daily easily!,1
1,60,383,230,34,Happy birthday to me! Had an amazing trip with friends.,0
0,7,21,762,6,Cheap luxury bags. Best deals on crypto.,1
0,0,17,738,8,Make money online fast. Earn $500 daily easily! Follow for follow back.,1
1,17,785,232,26,Working on my new project. Happy birthday to me!,0
1,37,331,210,22,Had an amazing trip with friends. Happy birthday to me!,0
0,4,13,962,0,Visit my profile for more. Make money online fast.,1
1,3,6,1060,4,Visit my profile for more. DM for collaboration.,1
1,43,17,447,30,Happy birthday to me! Learning Python is fun!,0
0,1,98,937,19,Click here for free money! Visit my profile for more. Best deals on crypto.,1
0,16,22,378,51,Exploring new places.,0
0,1,0,931,7,Earn $500 daily easily! Win a free iPhone now.,1
1,1,17,905,0,Discount codes available. Cheap luxury bags. DM for collaboration.,1
1,6,3,960,0,Discount codes available.,1
1,65,23,343,23,Just had a great coffee! Working on my new project.,0
0,4,7,875,1,DM for collaboration.,1
1,39,2131,422,37,Life is good. Happy birthday to me! Learning Python is fun!,0
1,88,50,345,52,Happy birthday to me! Can't wait for the weekend!,0
0,14,51,837,0,Make money online fast. Win a free iPhone now.,1
1,51,548,227,28,Check out my latest photo. Loving the weather today.,0
1,29,223,302,31,Happy birthday to me! Loving the weather today.,0
0,24,20,890,1,Win a free iPhone now.,1
1,88,185,147,25,Working on my new project. Just had a great coffee! Just had a great coffee!,0
1,6,8,1075,17,DM for collaboration. Follow for follow back. Make money online fast.,1
1,49,226,388,38,Just had a great coffee!,0
1,9,15,968,1,Make money online fast. Follow for follow back.,1
1,72,401,361,35,Exploring new places. Can't wait for the weekend!,0
0,4,27,772,1,Click here for free money! Earn $500 daily easily! Visit my profile for more.,1
1,0,11,744,12,Follow for follow back.,1
0,6,0,1019,0,DM for collaboration. Click here for free money! Best deals on crypto.,1
0,1,52,1112,6,Click here for free money!,1
1,41,475,279,15,Check out my latest photo. Working on my new project. Learning Python is fun!,0
0,0,9,1086,0,Best deals on crypto. Make money online fast. Earn $500 daily easily!,1
1,71,138,271,10,Working on my new project. Exploring new places. Just had a great coffee!,0
1,54,156,281,22,Check out my latest photo. Life is good.,0
1,28,101,102,31,Check out my latest photo. Check out my latest photo.,0
0,2,2,777,0,Follow for follow back.,1
1,11,8,940,8,Earn $500 daily easily! Cheap luxury bags. Click here for free money!,1
1,84,421,367,34,Happy birthday to me! Happy birthday to me! Exploring new places.,0
0,4,10,968,0,Follow for follow back.,1
1,33,152,304,37,Can't wait for the weekend!,0
1,69,117,357,29,Loving the weather today. Happy birthday to me! Learning Python is fun!,0
1,57,168,271,44,Learning Python is fun! Just had a great coffee! Loving the weather today.,0
1,31,125,303,22,Can't wait for the weekend!,0
1,49,12,292,36,Exploring new places. Learning Python is fun! Life is good.,0
1,45,135,160,21,Just had a great coffee! Life is good.,0
0,13,42,1190,4,Make money online fast. DM for collaboration.,1
1,50,96,443,22,Exploring new places.,0
0,4,1,1025,0,Follow for follow back.,1
1,8,19,1193,1,Cheap luxury bags.,1
1,41,526,427,15,Just had a great coffee!,0
1,53,56,429,11,Life is good. Can't wait for the weekend! Life is good.,0
0,13,0,862,4,DM for collaboration. Win a free iPhone now. Follow for follow back.,1
0,0,1,628,5,Cheap luxury bags. Visit my profile for more. Make money online fast.,1
0,2,1,1162,2,Visit my profile for more. Make money online fast. Discount codes available.,1
0,3,27,750,0,Earn $500 daily easily! Win a free iPhone now.,1
0,3,19,1024,2,Discount codes available. Visit my profile for more. Discount codes available.,1
1,2,18,859,0,Earn $500 daily easily! Cheap luxury bags.,1
0,13,5,533,1,Best deals on crypto.,1
1,36,990,430,27,Check out my latest photo. Loving the weather today.,0
0,3,8,1396,2,Discount codes available.,1
0,6,50,980,5,Best deals on crypto. Earn $500 daily easily! Best deals on crypto.,1
0,36,65,416,3,Can't wait for the weekend! Exploring new places. Life is good.,0
0,43,84,325,39,Just had a great coffee! Life is good.,0
1,31,142,287,31,Working on my new project.,0
1,48,5,390,17,Exploring new places. Can't wait for the weekend! Loving the weather today.,0
1,35,29,284,25,Loving the weather today.,0
0,8,28,921,17,Make money online fast. Earn $500 daily easily!,1
0,0,13,940,28,Follow for follow back. DM for collaboration.,1
1,76,1071,264,24,Can't wait for the weekend! Life is good. Working on my new project.,0
1,83,236,381,15,Loving the weather today. Loving the weather today. Working on my new project.,0
1,68,164,371,31,Check out my latest photo.,0
1,50,227,316,16,Exploring new places.,0
1,74,572,393,39,Just had a great coffee!,0
1,72,141,298,39,Had an amazing trip with friends. Loving the weather today. Working on my new project.,0
0,14,20,1229,9,Follow for follow back. Click here for free money!,1
1,19,191,401,27,Can't wait for the weekend!,0
1,59,113,369,40,Just had a great coffee! Just had a great coffee!,0
0,1,16,1019,4,DM for collaboration.,1
0,72,67,188,33,Exploring new places.,0
1,84,10,382,36,Learning Python is fun! Exploring new places. Life is good.,0
0,0,3,878,2,Follow for follow back.,1
1,2,7,892,2,Best deals on crypto. Cheap luxury bags.,1
0,0,25,766,4,DM for collaboration.,1
0,16,30,989,6,Earn $500 daily easily!,1
1,33,660,226,7,Life is good.,0
1,35,283,265,42,Check out my latest photo. Check out my latest photo.,0
1,2,28,926,1,Cheap luxury bags.,1
0,1,96,1143,1,Win a free iPhone now. Discount codes available.,1
1,76,311,414,32,Life is good. Just had a great coffee! Life is good.,0
1,43,7,384,27,Had an amazing trip with friends.,0
1,4,250,303,31,Happy birthday to me! Had an amazing trip with friends.,0
0,0,1,1214,0,Cheap luxury bags. Follow for follow back.,1
0,2,14,1038,2,DM for collaboration. Win a free iPhone now. Win a free iPhone now.,1
1,56,229,378,38,Just had a great coffee! Working on my new project. Exploring new places.,0
1,86,84,202,32,Happy birthday to me! Working on my new project.,0
0,3,20,1031,9,Earn $500 daily easily! DM for collaboration.,1
0,2,0,1302,0,Discount codes available. Follow for follow back. Cheap luxury bags.,1
0,2,0,905,0,Visit my profile for more. DM for collaboration.,1
1,47,389,244,24,Check out my latest photo. Life is good.,0
1,54,527,488,34,Happy birthday to me!,0
1,74,330,383,42,Loving the weather today. Had an amazing trip with friends.,0
0,18,1,882,6,Make money online fast. Follow for follow back.,1
0,4,2,1005,13,Click here for free money!,1
1,54,119,454,26,Just had a great coffee! Working on my new project.,0
0,0,14,1211,2,Win a free iPhone now. Discount codes available.,1
1,62,6,407,36,Working on my new project. Can't wait for the weekend! Check out my latest photo.,0
1,37,564,192,33,Working on my new project. Learning Python is fun! Check out my latest photo.,0
1,22,79,935,4,Best deals on crypto. DM for collaboration.,1
0,10,30,745,8,Discount codes available.,1
1,49,1378,370,36,Happy birthday to me! Loving the weather today.,0
0,11,2,842,5,Cheap luxury bags. Follow for follow back. DM for collaboration.,1
0,5,17,1178,10,Earn $500 daily easily! Best deals on crypto.,1
0,0,3,1096,2,Click here for free money!,1
0,60,1028,300,26,Life is good. Can't wait for the weekend!,0
1,8,25,842,6,Visit my profile for more.,1
0,4,21,723,15,Win a free iPhone now. Click here for free money!,1
1,0,2,1023,0,Cheap luxury bags.,1
1,48,148,314,39,Had an amazing trip with friends. Check out my latest photo.,0
0,7,22,938,2,Win a free iPhone now. Follow for follow back.,1
0,1,18,1099,7,Discount codes available.,1
1,54,749,288,32,Check out my latest photo.,0
0,2,75,970,2,Make money online fast.,1
1,55,1545,481,23,Can't wait for the weekend! Exploring new places.,0
0,0,25,1034,13,Best deals on crypto. DM for collaboration.,1
1,11,940,392,22,Happy birthday to me! Check out my latest photo. Had an amazing trip with friends.,0
0,4,12,682,3,Click here for free money! Discount codes available. DM for collaboration.,1
1,39,651,196,7,Happy birthday to me! Had an amazing trip with friends. Just had a great coffee!,0
1,65,428,11,27,Had an amazing trip with friends.,0
1,73,77,156,24,Just had a great coffee!,0
1,71,908,496,32,Just had a great coffee! Had an amazing trip with friends. Life is good.,0
1,69,360,335,43,Just had a great coffee!,0
1,3,25,1287,3,Earn $500 daily easily!,1
1,72,118,373,13,Check out my latest photo. Working on my new project. Happy birthday to me!,0
1,2,43,960,4,Follow for follow back. Best deals on crypto.,1
0,1,11,804,1,Win a free iPhone now.,1
0,3,18,1216,3,Visit my profile for more. Win a free iPhone now.,1
1,47,50,404,34,Working on my new project. Life is good.,0
0,10,9,956,8,DM for collaboration. Click here for free money!,1
1,59,217,380,32,Just had a great coffee! Learning Python is fun! Just had a great coffee!,0
1,8,41,1084,5,Discount codes available.,1
0,9,10,652,0,Visit my profile for more.,1
1,65,886,365,13,Check out my latest photo. Working on my new project. Learning Python is fun!,0
0,3,20,1239,13,Cheap luxury bags. Earn $500 daily easily!,1
0,5,13,1068,5,Win a free iPhone now. Cheap luxury bags.,1
0,0,8,909,7,Best deals on crypto. DM for collaboration. Win a free iPhone now.,1
1,43,287,502,29,Happy birthday to me!,0
0,4,29,1141,0,DM for collaboration.,1
1,71,987,356,35,Check out my latest photo. Learning Python is fun!,0
0,4,42,930,1,Cheap luxury bags. Discount codes available. Win a free iPhone now.,1
1,83,902,489,20,Loving the weather today. Life is good. Happy birthday to me!,0
1,47,812,364,21,Exploring new places.,0
0,0,56,605,11,DM for collaboration.,1
1,68,326,366,38,Check out my latest photo. Exploring new places.,0
1,20,315,270,31,Working on my new project. Exploring new places.,0
1,92,229,362,33,Had an amazing trip with friends. Working on my new project.,0
1,46,69,216,32,Had an amazing trip with friends. Happy birthday to me!,0
0,1,63,1457,1,Win a free iPhone now.,1
0,1,27,1101,2,Visit my profile for more. Click here for free money!,1
1,25,520,285,25,Exploring new places. Just had a great coffee! Exploring new places.,0
0,0,18,1194,17,Earn $500 daily easily! Make money online fast. DM for collaboration.,1
1,51,110,291,40,Happy birthday to me!,0
1,51,334,303,31,Had an amazing trip with friends. Life is good. Happy birthday to me!,0
1,56,329,333,29,Check out my latest photo.,0
0,15,50,1190,8,Earn $500 daily easily! Cheap luxury bags.,1
1,55,1064,432,34,Check out my latest photo.,0
1,38,1737,285,27,Exploring new places.,0
1,9,253,42,34,Working on my new project.,0
1,32,1789,373,32,Can't wait for the weekend!,0
0,6,7,842,5,Visit my profile for more. Make money online fast. Cheap luxury bags.,1
0,12,0,955,9,Earn $500 daily easily! Follow for follow back.,1
0,1,7,1267,2,Best deals on crypto. DM for collaboration.,1
0,2,47,897,1,Make money online fast.,1
0,68,932,383,37,Happy birthday to me! Happy birthday to me! Learning Python is fun!,0
1,18,650,337,29,Learning Python is fun! Learning Python is fun!,0
1,27,458,436,37,Loving the weather today.,0
1,56,395,393,21,Life is good. Had an amazing trip with friends. Exploring new places.,0
1,52,1493,335,41,Life is good.,0
1,41,300,123,17,Working on my new project. Happy birthday to me!,0
0,9,24,1009,0,Earn $500 daily easily! Best deals on crypto.,1
1,93,457,295,26,Happy birthday to me! Learning Python is fun!,0
1,1,40,904,13,Follow for follow back. Follow for follow back. Win a free iPhone now.,1
0,1,25,1121,20,Follow for follow back. DM for collaboration.,1
1,70,419,293,5,Learning Python is fun!,0
0,0,13,862,1,Discount codes available. Cheap luxury bags. Discount codes available.,1
1,4,41,1022,6,Visit my profile for more.,1
1,0,4,1056,1,Follow for follow back.,1
0,10,121,1067,6,Earn $500 daily easily!,1
1,13,4,832,12,Earn $500 daily easily!,1
1,44,625,197,42,Had an amazing trip with friends.,0
0,1,2,1027,2,Make money online fast.,1
1,59,146,263,38,Loving the weather today. Can't wait for the weekend! Happy birthday to me!,0
1,52,239,296,27,Happy birthday to me!,0
1,92,820,139,34,Check out my latest photo. Happy birthday to me!,0
0,4,2,569,1,Win a free iPhone now.,1
1,0,0,1126,0,Earn $500 daily easily! DM for collaboration.,1
0,11,69,1208,1,Visit my profile for more. Make money online fast.,1
1,22,70,317,40,Had an amazing trip with friends. Exploring new places. Exploring new places.,0
0,7,17,638,2,Follow for follow back.,1
1,34,10,439,29,Check out my latest photo. Can't wait for the weekend!,0
0,4,2,1005,15,Make money online fast.,1
0,8,7,1414,1,Follow for follow back. Best deals on crypto.,1
0,46,234,337,39,Happy birthday to me!,0
1,51,98,129,37,Check out my latest photo. Exploring new places.,0
0,3,44,712,0,Click here for free money! Visit my profile for more.,1
1,39,1730,258,21,Can't wait for the weekend! Working on my new project. Check out my latest photo.,0
0,7,20,735,3,Follow for follow back. Best deals on crypto. Discount codes available.,1
0,1,32,843,1,Visit my profile for more. Win a free iPhone now.,1
0,5,8,1030,1,Discount codes available. Make money online fast.,1
1,43,36,176,28,Life is good.,0
1,63,378,387,12,Just had a great coffee! Loving the weather today.,0
0,3,73,938,4,Cheap luxury bags.,1
1,46,310,343,42,Had an amazing trip with friends. Had an amazing trip with friends.,0
0,2,4,976,3,Follow for follow back. Discount codes available. Cheap luxury bags.,1
0,0,2,1115,1,Discount codes available. Best deals on crypto. Earn $500 daily easily!,1
0,28,338,441,39,Working on my new project. Working on my new project.,0
0,5,3,877,1,Discount codes available. Make money online fast.,1
0,3,21,1205,2,Follow for follow back.,1
0,0,22,851,5,Make money online fast. Win a free iPhone now. Discount codes available.,1
1,32,940,172,18,Can't wait for the weekend!,0
1,74,374,293,21,Learning Python is fun! Had an amazing trip with friends.,0
0,2,8,1023,0,Click here for free money! Discount codes available.,1
1,45,418,380,31,Learning Python is fun! Check out my latest photo.,0
1,65,1149,150,36,Life is good. Had an amazing trip with friends. Loving the weather today.,0
0,6,16,1205,1,Discount codes available. Cheap luxury bags.,1
0,5,6,1162,0,Make money online fast.,1
1,5,9,1357,6,Visit my profile for more. Visit my profile for more.,1
1,59,503,146,28,Happy birthday to me!,0
0,4,10,1450,1,Cheap luxury bags.,1
0,10,4,1297,10,Visit my profile for more. Follow for follow back.,1
1,51,1051,348,37,Working on my new project. Just had a great coffee!,0
0,0,18,1129,1,Visit my profile for more.,1
0,33,42,345,19,Had an amazing trip with friends. Can't wait for the weekend!,0
1,71,25,330,43,Working on my new project.,0
1,85,314,230,34,Life is good. Loving the weather today.,0
1,58,695,445,42,Life is good. Exploring new places. Had an amazing trip with friends.,0
1,19,335,190,37,Loving the weather today.,0
1,67,1915,262,30,Life is good.,0
0,5,35,1006,1,Visit my profile for more. Best deals on crypto.,1
0,0,20,1169,7,Cheap luxury bags. Visit my profile for more. Best deals on crypto.,1
1,0,127,286,38,Happy birthday to me! Can't wait for the weekend!,0
0,6,9,838,9,Make money online fast. Discount codes available.,1
0,0,9,729,1,Win a free iPhone now. Click here for free money! Make money online fast.,1
1,0,14,838,5,Earn $500 daily easily! Cheap luxury bags. Click here for free money!,1
0,30,102,463,29,Learning Python is fun!,0
0,2,4,1214,11,Click here for free money! Visit my profile for more.,1
1,55,476,231,32,Learning Python is fun! Exploring new places.,0
1,32,1132,361,35,Life is good. Loving the weather today.,0
0,5,14,1138,1,DM for collaboration.,1
1,49,2145,212,28,Exploring new places. Had an amazing trip with friends. Check out my latest photo.,0
1,55,686,332,24,Happy birthday to me! Happy birthday to me! Exploring new places.,0
0,3,9,747,41,Make money online fast. Earn $500 daily easily! Earn $500 daily easily!,1
1,43,480,358,45,Exploring new places. Can't wait for the weekend!,0
0,6,31,1054,4,Make money online fast. Earn $500 daily easily! Best deals on crypto.,1
1,49,356,478,36,Happy birthday to me! Can't wait for the weekend!,0
0,40,809,228,18,Learning Python is fun! Exploring new places.,0
1,15,904,303,40,Had an amazing trip with friends. Life is good.,0
1,40,153,378,26,Working on my new project. Check out my latest photo.,0
0,2,46,1106,0,Discount codes available.,1
1,75,2005,341,27,Exploring new places.,0
1,76,2,313,49,Exploring new places.,0
1,63,238,309,39,Had an amazing trip with friends. Exploring new places.,0
1,54,1575,252,41,Loving the weather today.,0
0,6,26,1034,5,Click here for free money! Visit my profile for more.,1
1,0,64,1298,2,Make money online fast. Discount codes available. Earn $500 daily easily!,1
1,55,596,328,26,Happy birthday to me! Check out my latest photo. Can't wait for the weekend!,0
1,6,26,896,0,Cheap luxury bags. Discount codes available. DM for collaboration.,1
0,10,28,1341,4,Cheap luxury bags. DM for collaboration. Cheap luxury bags.,1
1,51,707,319,24,Can't wait for the weekend! Had an amazing trip with friends. Check out my latest photo.,0
1,52,373,428,24,Life is good.,0
0,2,1,801,5,DM for collaboration. Visit my profile for more.,1
1,20,370,290,20,Loving the weather today. Can't wait for the weekend! Working on my new project.,0
1,25,410,357,23,Life is good. Happy birthday to me! Check out my latest photo.,0
0,2,0,908,3,Best deals on crypto.,1
1,36,546,290,28,Life is good. Exploring new places. Can't wait for the weekend!,0
1,7,9,1053,10,DM for collaboration. Win a free iPhone now.,1
0,6,3,1471,0,Discount codes available.,1
1,62,214,382,31,Exploring new places. Just had a great coffee! Can't wait for the weekend!,0
1,90,937,344,33,Happy birthday to me!,0
0,3,31,925,7,Visit my profile for more. Best deals on crypto. Win a free iPhone now.,1
1,41,273,238,24,Just had a great coffee! Learning Python is fun!,0
1,60,33,408,14,Just had a great coffee! Check out my latest photo.,0
1,31,725,263,17,Exploring new places. Working on my new project. Learning Python is fun!,0
1,3,6,1314,8,Win a free iPhone now. Make money online fast.,1
1,72,199,403,40,Loving the weather today.,0
1,86,503,327,32,Working on my new project.,0
1,30,675,225,28,Check out my latest photo. Just had a great coffee!,0
1,56,31,502,33,Loving the weather today. Working on my new project. Loving the weather today.,0
1,59,56,266,42,Check out my latest photo. Working on my new project. Exploring new places.,0
1,79,730,377,26,Had an amazing trip with friends. Life is good. Learning Python is fun!,0
0,27,11,991,33,Click here for free money! Cheap luxury bags.,1
1,52,63,368,25,Learning Python is fun!,0
1,47,242,546,35,Happy birthday to me! Had an amazing trip with friends.,0
0,4,41,785,4,Discount codes available.,1
0,6,63,1037,0,Win a free iPhone now. Click here for free money!,1
0,2,5,758,1,Win a free iPhone now. Cheap luxury bags. Click here for free money!,1
1,0,4,1160,0,Make money online fast. Earn $500 daily easily!,1
0,5,51,907,2,DM for collaboration. DM for collaboration.,1
0,6,7,1319,0,Click here for free money!,1
1,24,172,209,27,Check out my latest photo.,0
0,6,9,1024,0,Cheap luxury bags.,1
1,30,436,330,30,Learning Python is fun! Exploring new places.,0
0,1,30,1551,3,Make money online fast. Discount codes available. Discount codes available.,1
0,1,4,1041,6,Discount codes available.,1
1,60,101,227,19,Exploring new places. Life is good.,0
0,0,19,988,13,Win a free iPhone now.,1
1,53,822,332,33,Learning Python is fun! Learning Python is fun!,0
0,4,76,855,6,Click here for free money! Win a free iPhone now.,1
1,84,9,215,35,Happy birthday to me!,0
1,36,818,265,27,Loving the weather today.,0
0,0,10,1330,3,Best deals on crypto. Follow for follow back.,1
0,5,13,1374,3,Best deals on crypto. Make money online fast.,1
0,0,2,1106,5,Discount codes available.,1
0,57,88,449,24,Exploring new places. Just had a great coffee!,0
0,0,24,1200,17,Best deals on crypto. Discount codes available.,1
1,46,821,426,23,Happy birthday to me!,0
1,2,3,858,20,Follow for follow back. Earn $500 daily easily!,1
0,0,5,1104,17,Discount codes available. Make money online fast. Discount codes available.,1
0,10,78,936,5,Click here for free money!,1
1,63,174,343,35,Learning Python is fun!,0
1,0,6,1266,1,Discount codes available.,1
1,27,486,339,25,Life is good.,0
1,55,1904,184,31,Life is good.,0
0,2,20,929,1,Click here for free money! Win a free iPhone now. Best deals on crypto.,1
1,23,101,447,30,Learning Python is fun! Exploring new places.,0
1,88,833,373,23,Loving the weather today. Check out my latest photo. Life is good.,0
1,35,419,238,48,Loving the weather today.,0
0,1,5,960,18,Earn $500 daily easily! Earn $500 daily easily!,1
0,0,8,1040,7,Earn $500 daily easily!,1
0,1,5,1104,19,Win a free iPhone now. Best deals on crypto. Earn $500 daily easily!,1
1,61,329,251,44,Working on my new project. Just had a great coffee!,0
1,79,460,295,24,Happy birthday to me! Learning Python is fun!,0
1,43,266,219,33,Loving the weather today.,0
0,4,2,743,1,Discount codes available.,1
1,10,1,1001,7,Earn $500 daily easily! Win a free iPhone now. Visit my profile for more.,1
1,30,188,237,29,Check out my latest photo. Learning Python is fun! Working on my new project.,0
1,68,84,339,18,Life is good.,0
1,75,168,214,21,Check out my latest photo. Learning Python is fun! Learning Python is fun!,0
0,3,3,1009,4,Visit my profile for more. Make money online fast. Follow for follow back.,1
1,57,369,282,15,Life is good. Just had a great coffee! Exploring new places.,0
1,73,315,259,20,Just had a great coffee! Happy birthday to me!,0
1,32,300,211,11,Learning Python is fun! Had an amazing trip with friends.,0
0,3,7,921,7,Click here for free money! Win a free iPhone now. Earn $500 daily easily!,1
0,4,7,939,7,DM for collaboration.,1
0,2,7,902,3,Visit my profile for more. Click here for free money!,1
0,1,29,685,2,Cheap luxury bags. Discount codes available.,1
1,70,1123,289,34,Life is good. Learning Python is fun! Had an amazing trip with friends.,0
1,59,2,295,54,Loving the weather today.,0
1,52,495,375,31,Exploring new places.,0
0,1,2,838,27,Earn $500 daily easily! DM for collaboration. Discount codes available.,1
0,0,0,1076,7,Cheap luxury bags. Discount codes available. Win a free iPhone now.,1
0,0,63,864,2,Make money online fast. Cheap luxury bags. Best deals on crypto.,1
1,71,1136,315,34,Happy birthday to me! Learning Python is fun!,0
1,50,288,139,23,Loving the weather today. Had an amazing trip with friends.,0
1,65,23,422,40,Exploring new places.,0
1,28,273,311,17,Loving the weather today. Had an amazing trip with friends.,0
1,46,971,133,20,Just had a great coffee! Check out my latest photo.,0
1,52,295,307,22,Loving the weather today. Exploring new places. Life is good.,0
1,61,128,409,20,Loving the weather today.,0
1,64,79,286,24,Loving the weather today. Learning Python is fun! Check out my latest photo.,0
0,3,10,1399,6,Best deals on crypto. DM for collaboration. Cheap luxury bags.,1
0,14,16,1180,8,Discount codes available. Follow for follow back. Cheap luxury bags.,1
0,4,28,1071,5,Visit my profile for more. Visit my profile for more. Click here for free money!,1
0,2,1,1122,4,Earn $500 daily easily! Discount codes available. Earn $500 daily easily!,1
0,7,13,984,0,Visit my profile for more.,1
0,6,10,1098,11,Visit my profile for more. DM for collaboration.,1
1,62,1998,260,33,Can't wait for the weekend! Happy birthday to me! Check out my latest photo.,0
0,0,13,1151,0,DM for collaboration.,1
1,38,960,260,31,Just had a great coffee! Can't wait for the weekend!,0
0,2,5,988,0,Discount codes available. Follow for follow back.,1
1,94,604,236,31,Working on my new project.,0
0,3,80,1106,10,Best deals on crypto.,1
1,43,177,308,18,Life is good. Working on my new project.,0
0,4,1,834,0,Click here for free money!,1
1,64,105,257,37,Happy birthday to me! Learning Python is fun! Can't wait for the weekend!,0
1,46,75,299,31,Life is good. Can't wait for the weekend!,0
0,5,16,1339,1,DM for collaboration.,1
0,7,15,943,0,Win a free iPhone now. Make money online fast.,1
0,71,1143,437,33,Just had a great coffee!,0
0,14,39,1286,0,Make money online fast.,1
1,28,52,325,45,Had an amazing trip with friends. Exploring new places. Had an amazing trip with friends.,0
1,53,375,380,18,Loving the weather today.,0
1,46,31,446,27,Check out my latest photo. Can't wait for the weekend!,0
1,21,69,235,36,Working on my new project. Life is good. Had an amazing trip with friends.,0
1,7,62,1048,3,Make money online fast. Cheap luxury bags. Earn $500 daily easily!,1
0,3,11,1064,0,Make money online fast. Follow for follow back. Visit my profile for more.,1
1,68,222,391,20,Check out my latest photo. Working on my new project. Happy birthday to me!,0
1,47,152,155,25,Happy birthday to me! Exploring new places. Exploring new places.,0
1,22,12,1296,10,Best deals on crypto. Best deals on crypto.,1
1,77,162,463,45,Life is good. Happy birthday to me!,0
1,57,63,155,28,Working on my new project. Loving the weather today.,0
1,84,494,309,53,Had an amazing trip with friends.,0
1,3,7,1254,3,Make money online fast. Earn $500 daily easily! Best deals on crypto.,1
1,62,468,366,36,Just had a great coffee! Life is good.,0
1,0,35,803,1,Make money online fast. Make money online fast. Best deals on crypto.,1
0,1,8,1314,10,Visit my profile for more.,1
0,19,34,1225,5,Win a free iPhone now. Make money online fast.,1
0,2,28,953,3,DM for collaboration. Make money online fast. Win a free iPhone now.,1
1,60,1446,250,28,Check out my latest photo. Happy birthday to me! Loving the weather today.,0
1,0,16,398,19,Learning Python is fun!,0
0,18,8,1458,2,Click here for free money! Earn $500 daily easily!,1
0,5,16,926,3,Cheap luxury bags. Follow for follow back. Make money online fast.,1
1,10,0,1163,1,Make money online fast.,1
1,40,22,510,18,Had an amazing trip with friends.,0
1,10,15,960,7,Follow for follow back. Make money online fast.,1
1,52,19,305,36,Had an amazing trip with friends.,0
0,16,56,926,5,Best deals on crypto.,1
1,70,1418,272,33,Working on my new project.,0
1,1,8,901,0,Discount codes available. Discount codes available. Earn $500 daily easily!,1
1,7,7,1096,11,Best deals on crypto. Win a free iPhone now. Make money online fast.,1
0,3,12,1171,1,Cheap luxury bags.,1
1,71,381,631,31,Working on my new project. Just had a great coffee!,0
1,47,848,53,46,Check out my latest photo. Check out my latest photo. Working on my new project.,0
0,0,49,990,12,Cheap luxury bags. Best deals on crypto.,1
0,3,34,1195,6,Click here for free money! Make money online fast. Click here for free money!,1
1,58,183,230,35,Just had a great coffee!,0
0,0,16,958,0,Click here for free money! Visit my profile for more.,1
0,1,42,874,3,Visit my profile for more.,1
1,0,4,898,2,Visit my profile for more.,1
0,4,19,1230,1,Visit my profile for more. DM for collaboration. Visit my profile for more.,1
0,1,45,959,1,Cheap luxury bags. DM for collaboration.,1
0,2,9,1000,3,Cheap luxury bags. Discount codes available.,1
1,40,661,295,37,Had an amazing trip with friends. Working on my new project. Life is good.,0
1,52,981,342,36,Had an amazing trip with friends. Exploring new places. Life is good.,0
0,0,64,1339,3,Earn $500 daily easily! Win a free iPhone now.,1
0,3,14,1028,9,Discount codes available.,1
0,7,2,698,7,Best deals on crypto. Discount codes available.,1
0,5,0,748,3,Visit my profile for more. Best deals on crypto. Win a free iPhone now.,1
1,50,135,301,54,Check out my latest photo. Learning Python is fun!,0
0,0,31,1217,1,Click here for free money!,1
1,39,1100,309,28,Working on my new project. Can't wait for the weekend! Loving the weather today.,0
0,0,26,942,1,Win a free iPhone now.,1
1,40,292,203,27,Check out my latest photo. Life is good. Happy birthday to me!,0
1,32,256,161,31,Check out my latest photo. Exploring new places. Loving the weather today.,0
1,71,27,410,17,Check out my latest photo. Just had a great coffee!,0
0,20,0,1539,1,Click here for free money! Visit my profile for more. Visit my profile for more.,1
0,1,22,834,1,Best deals on crypto. Click here for free money!,1
1,52,45,406,45,Working on my new project.,0
0,0,13,961,9,Best deals on crypto. Make money online fast. Click here for free money!,1
1,3,3,952,2,Best deals on crypto. Visit my profile for more. Make money online fast.,1
0,0,41,721,15,Best deals on crypto. Visit my profile for more.,1
1,24,427,161,20,Check out my latest photo. Check out my latest photo.,0
0,11,33,1073,2,Follow for follow back. DM for collaboration. Follow for follow back.,1
0,0,18,1332,2,Cheap luxury bags.,1
0,1,5,1186,12,Cheap luxury bags. Follow for follow back.,1
1,60,53,242,32,Had an amazing trip with friends. Happy birthday to me! Just had a great coffee!,0
0,11,71,873,3,Discount codes available. Best deals on crypto. Click here for free money!,1
1,50,59,140,23,Working on my new project. Working on my new project. Check out my latest photo.,0
1,48,159,171,33,Learning Python is fun!,0
1,45,74,134,37,Just had a great coffee! Loving the weather today.,0
0,3,3,1008,3,Make money online fast. Win a free iPhone now.,1
1,58,201,296,26,Exploring new places. Happy birthday to me! Exploring new places.,0
1,16,86,477,43,Learning Python is fun! Happy birthday to me!,0
1,63,545,148,20,Learning Python is fun! Check out my latest photo. Can't wait for the weekend!,0
1,45,689,257,37,Learning Python is fun!,0
0,26,1647,381,34,Happy birthday to me!,0
1,69,365,81,44,Had an amazing trip with friends. Exploring new places. Check out my latest photo.,0
0,3,17,928,4,DM for collaboration. Cheap luxury bags. Click here for free money!,1
0,6,6,844,3,Discount codes available. Follow for follow back. Discount codes available.,1
1,38,1203,347,34,Check out my latest photo.,0
0,1,9,930,11,Cheap luxury bags. Earn $500 daily easily!,1
0,3,6,577,30,Earn $500 daily easily!,1
1,75,804,459,40,Happy birthday to me! Happy birthday to me!,0
0,0,22,1084,3,Cheap luxury bags. Cheap luxury bags.,1
1,18,1680,252,32,Working on my new project.,0
0,2,31,1012,15,Earn $500 daily easily! Discount codes available. Visit my profile for more.,1
1,4,541,200,10,Had an amazing trip with friends. Can't wait for the weekend!,0
1,60,859,286,25,Can't wait for the weekend! Had an amazing trip with friends. Can't wait for the weekend!,0
0,0,22,882,3,DM for collaboration. Follow for follow back. Best deals on crypto.,1
1,57,93,423,30,Just had a great coffee!,0
1,0,19,1176,1,Make money online fast.,1
0,1,23,974,0,Visit my profile for more. Click here for free money! Follow for follow back.,1
0,9,20,837,11,Follow for follow back.,1
0,1,22,945,12,Make money online fast. Click here for free money!,1
0,0,11,1042,0,Win a free iPhone now.,1
1,1,11,1041,1,DM for collaboration.,1
0,4,19,704,1,Win a free iPhone now.,1
1,88,775,322,32,Working on my new project. Happy birthday to me!,0
0,0,12,806,16,Make money online fast. Discount codes available.,1
0,1,2,667,0,Click here for free money! Visit my profile for more. Click here for free money!,1
0,9,48,1093,1,Win a free iPhone now. DM for collaboration.,1
0,6,33,1224,2,Make money online fast.,1
1,50,88,292,35,Working on my new project.,0
0,17,24,894,3,Visit my profile for more.,1
1,48,127,330,37,Had an amazing trip with friends.,0
1,53,401,155,27,Can't wait for the weekend! Can't wait for the weekend!,0
1,40,428,163,30,Life is good. Loving the weather today. Working on my new project.,0
0,2,37,639,9,DM for collaboration. Visit my profile for more. Win a free iPhone now.,1
0,0,12,1063,3,Win a free iPhone now. Follow for follow back.,1
1,74,29,398,39,Happy birthday to me! Happy birthday to me!,0
1,12,137,132,33,Learning Python is fun!,0
1,24,86,225,36,Learning Python is fun! Check out my latest photo. Working on my new project.,0
0,1,11,792,0,Follow for follow back.,1
1,33,1008,227,43,Happy birthday to me! Can't wait for the weekend! Life is good.,0
1,35,588,512,41,Happy birthday to me! Loving the weather today. Happy birthday to me!,0
0,14,40,1247,0,Make money online fast. Make money online fast.,1
1,63,166,138,22,Life is good. Working on my new project.,0
1,56,133,410,46,Exploring new places. Check out my latest photo.,0
0,43,735,470,36,Working on my new project. Happy birthday to me!,0
0,2,69,1194,4,Best deals on crypto. Earn $500 daily easily!,1
1,82,67,266,42,Can't wait for the weekend! Life is good. Working on my new project.,0
0,5,10,828,1,Cheap luxury bags. Win a free iPhone now. Click here for free money!,1
1,73,67,306,41,Exploring new places.,0
1,51,469,233,35,Happy birthday to me!,0
1,74,257,200,27,Loving the weather today.,0
0,8,18,729,17,Follow for follow back.,1
1,73,524,269,35,Working on my new project.,0
1,3,94,1132,0,Make money online fast. Discount codes available. Visit my profile for more.,1
1,64,185,226,14,Working on my new project. Working on my new project. Loving the weather today.,0
1,66,1561,338,23,Just had a great coffee! Happy birthday to me!,0
0,9,0,1180,2,DM for collaboration. Click here for free money!,1
0,8,2,594,11,Visit my profile for more.,1
0,6,15,1129,3,Make money online fast. Click here for free money! Cheap luxury bags.,1
0,10,2,945,1,Make money online fast.,1
1,16,437,234,36,Had an amazing trip with friends. Life is good. Happy birthday to me!,0
1,54,32,301,32,Just had a great coffee! Loving the weather today. Can't wait for the weekend!,0
0,7,26,1292,2,Click here for free money! Follow for follow back. Best deals on crypto.,1
1,69,752,396,22,Can't wait for the weekend!,0
1,46,1043,207,22,Check out my latest photo. Exploring new places.,0
1,31,226,128,36,Can't wait for the weekend! Happy birthday to me!,0
0,2,6,1072,1,Click here for free money! Best deals on crypto.,1
1,46,314,340,0,Working on my new project.,0
1,1,23,957,7,Make money online fast.,1
0,3,19,828,1,Follow for follow back. Best deals on crypto. Make money online fast.,1
1,17,886,180,13,Life is good. Working on my new project. Had an amazing trip with friends.,0
1,7,7,852,6,Follow for follow back. Follow for follow back. Cheap luxury bags.,1
0,12,4,555,0,Visit my profile for more. Make money online fast. Earn $500 daily easily!,1
0,3,2,1253,4,Visit my profile for more. Make money online fast. Best deals on crypto.,1
0,67,387,345,26,Can't wait for the weekend!,0
0,2,1,852,4,Follow for follow back. Click here for free money!,1
0,20,205,250,11,Exploring new places. Learning Python is fun!,0
1,69,248,293,25,Happy birthday to me!,0
1,60,1624,305,27,Had an amazing trip with friends. Working on my new project. Just had a great coffee!,0
1,63,101,251,34,Check out my latest photo.,0
1,52,905,277,28,Life is good.,0
0,2,6,967,2,DM for collaboration.,1
0,4,14,747,7,Win a free iPhone now. Win a free iPhone now.,1
1,74,916,242,20,Loving the weather today.,0
0,1,18,989,4,Discount codes available. Follow for follow back.,1
1,38,29,141,20,Check out my latest photo.,0
0,47,427,196,24,Check out my latest photo.,0
1,68,16,396,27,Check out my latest photo. Happy birthday to me!,0
1,60,47,399,46,Just had a great coffee! Working on my new project. Happy birthday to me!,0
1,2,24,975,1,Earn $500 daily easily! Earn $500 daily easily!,1
0,3,43,1393,1,Follow for follow back. Click here for free money!,1
1,4,37,680,1,Make money online fast. DM for collaboration.,1
0,0,93,828,6,Click here for free money!,1
0,13,2,967,3,Follow for follow back. Visit my profile for more. DM for collaboration.,1
1,37,215,280,35,Life is good. Life is good. Had an amazing trip with friends.,0
0,1,6,841,6,Click here for free money!,1
0,2,6,870,25,Discount codes available. Win a free iPhone now.,1
1,41,374,444,9,Check out my latest photo. Learning Python is fun!,0
0,0,18,768,1,DM for collaboration. Follow for follow back.,1
0,3,22,879,4,Click here for free money! Best deals on crypto. DM for collaboration.,1
0,0,21,1183,0,Visit my profile for more. Best deals on crypto. Visit my profile for more.,1
0,5,0,860,20,Discount codes available. Visit my profile for more.,1
1,67,1133,423,44,Exploring new places. Happy birthday to me! Had an amazing trip with friends.,0
1,1,2,767,12,Discount codes available. Earn $500 daily easily!,1
1,66,1028,438,37,Had an amazing trip with friends. Exploring new places.,0
1,64,862,233,32,Loving the weather today. Just had a great coffee! Loving the weather today.,0
1,35,296,413,25,Just had a great coffee! Exploring new places. Happy birthday to me!,0
1,45,12,430,36,Learning Python is fun! Had an amazing trip with friends.,0
0,5,19,964,7,Follow for follow back. DM for collaboration. Earn $500 daily easily!,1
1,10,25,856,4,DM for collaboration. Win a free iPhone now.,1
1,66,556,245,21,Exploring new places.,0
0,4,0,783,2,Earn $500 daily easily! Visit my profile for more.,1
0,0,17,965,10,Best deals on crypto. Visit my profile for more. Win a free iPhone now.,1
1,70,200,239,24,Learning Python is fun! Can't wait for the weekend! Had an amazing trip with friends.,0
1,42,242,367,37,Loving the weather today. Working on my new project. Working on my new project.,0
0,38,4,191,28,Just had a great coffee!,0
0,9,6,1183,4,Visit my profile for more. Follow for follow back.,1
1,65,368,450,34,Loving the weather today. Check out my latest photo. Exploring new places.,0
0,7,32,640,0,Make money online fast. DM for collaboration. Cheap luxury bags.,1
0,23,12,956,4,Cheap luxury bags. Discount codes available. Best deals on crypto.,1
1,2,13,1176,5,Best deals on crypto. Visit my profile for more.,1
1,15,86,314,30,Just had a great coffee!,0
1,42,7,357,45,Had an amazing trip with friends. Loving the weather today. Happy birthday to me!,0
0,0,12,1011,0,Discount codes available. Click here for free money!,1
1,9,1446,368,18,Had an amazing trip with friends.,0
0,5,9,1201,2,Cheap luxury bags. Best deals on crypto.,1
1,65,140,319,35,Check out my latest photo.,0
1,67,331,320,28,Exploring new places. Happy birthday to me! Had an amazing trip with friends.,0
0,0,0,882,3,DM for collaboration.,1
0,50,161,371,23,Happy birthday to me! Check out my latest photo.,0
1,49,1375,282,43,Loving the weather today.,0
1,41,41,193,14,Exploring new places.,0
1,42,507,388,22,Check out my latest photo. Learning Python is fun!,0
0,42,474,264,39,Life is good. Check out my latest photo.,0
0,2,2,922,4,Win a free iPhone now.,1
1,40,1174,291,26,Just had a great coffee! Can't wait for the weekend!,0
0,4,37,897,1,Win a free iPhone now. Earn $500 daily easily!,1
0,0,24,980,3,Earn $500 daily easily! Visit my profile for more. Best deals on crypto.,1
0,0,1,918,1,Click here for free money! Discount codes available. Win a free iPhone now.,1
1,89,34,151,42,Had an amazing trip with friends.,0
0,16,13,1077,0,Cheap luxury bags. Click here for free money! Best deals on crypto.,1
0,4,6,816,4,Best deals on crypto. Discount codes available.,1
1,54,61,430,30,Had an amazing trip with friends. Life is good.,0
1,26,109,311,20,Just had a great coffee!,0
0,5,15,764,7,Make money online fast. Discount codes available. DM for collaboration.,1
0,0,3,718,8,Cheap luxury bags. Make money online fast.,1
0,5,11,1234,4,Best deals on crypto. Click here for free money!,1
1,4,18,1226,2,Earn $500 daily easily!,1
0,2,28,766,0,Cheap luxury bags. Make money online fast. Follow for follow back.,1
1,62,1096,163,31,Had an amazing trip with friends.,0
1,47,155,238,36,Check out my latest photo. Just had a great coffee! Happy birthday to me!,0
1,61,266,196,44,Can't wait for the weekend! Learning Python is fun! Just had a great coffee!,0
0,3,12,857,5,Visit my profile for more.,1
0,2,7,894,3,Discount codes available.,1
0,2,8,754,7,Win a free iPhone now. Visit my profile for more. Make money online fast.,1
0,2,3,1284,1,Click here for free money! Win a free iPhone now. DM for collaboration.,1
1,21,859,468,23,Just had a great coffee! Can't wait for the weekend! Learning Python is fun!,0
1,60,781,365,22,Just had a great coffee! Just had a great coffee! Check out my latest photo.,0
1,43,1011,309,18,Can't wait for the weekend! Check out my latest photo. Exploring new places.,0
1,38,568,177,21,Learning Python is fun! Check out my latest photo.,0
0,13,23,1221,6,Discount codes available. Best deals on crypto.,1
1,66,182,372,40,Loving the weather today. Working on my new project. Can't wait for the weekend!,0
1,33,915,126,43,Exploring new places. Learning Python is fun!,0
0,32,127,1409,11,Make money online fast. Discount codes available. Click here for free money!,1
1,47,363,243,29,Exploring new places.,0
1,88,89,344,28,Exploring new places.,0
1,39,662,426,25,Can't wait for the weekend!,0
0,4,10,974,4,Make money online fast. Make money online fast.,1
1,49,142,275,30,Loving the weather today. Working on my new project. Loving the weather today.,0
0,21,7,788,1,Cheap luxury bags. Discount codes available.,1
0,0,7,525,15,Best deals on crypto. Best deals on crypto. Best deals on crypto.,1
0,12,57,974,3,Make money online fast. Follow for follow back. Earn $500 daily easily!,1
1,64,576,400,29,Can't wait for the weekend!,0
1,42,797,542,25,Just had a great coffee! Can't wait for the weekend! Had an amazing trip with friends.,0
1,72,162,242,31,Working on my new project.,0
1,71,205,418,36,Learning Python is fun!,0
0,26,186,507,33,Can't wait for the weekend! Exploring new places. Life is good.,0
1,54,587,403,35,Check out my latest photo. Learning Python is fun! Loving the weather today.,0
0,6,26,739,2,Make money online fast. Earn $500 daily easily!,1
0,4,4,936,12,Make money online fast. Earn $500 daily easily! Earn $500 daily easily!,1
1,56,69,351,0,Had an amazing trip with friends. Happy birthday to me! Can't wait for the weekend!,0
1,0,14,714,1,DM for collaboration. Click here for free money!,1
1,33,581,238,34,Loving the weather today.,0
0,2,21,1118,3,Make money online fast. DM for collaboration.,1
1,80,278,188,25,Exploring new places.,0
1,56,74,251,10,Loving the weather today. Working on my new project.,0
1,1,16,797,2,DM for collaboration. Discount codes available. Win a free iPhone now.,1
1,75,188,304,26,Loving the weather today.,0
0,14,24,1016,1,Win a free iPhone now. DM for collaboration.,1
0,6,18,994,1,Discount codes available.,1
1,8,42,999,0,Follow for follow back. Discount codes available. Win a free iPhone now.,1
0,0,8,578,6,Make money online fast. Make money online fast. Click here for free money!,1
1,34,409,148,27,Exploring new places. Check out my latest photo. Loving the weather today.,0
0,0,33,775,2,Make money online fast.,1
0,0,31,1147,0,DM for collaboration.,1
1,59,270,326,16,Happy birthday to me! Happy birthday to me!,0
0,7,44,938,10,Click here for free money! Click here for free money! Best deals on crypto.,1
1,36,378,405,42,Happy birthday to me! Life is good. Can't wait for the weekend!,0
1,6,2,843,0,Make money online fast. Earn $500 daily easily! DM for collaboration.,1
1,51,603,214,14,Working on my new project.,0
1,51,276,217,50,Loving the weather today. Can't wait for the weekend!,0
0,2,21,784,2,Earn $500 daily easily!,1
0,4,15,1021,18,Make money online fast. Cheap luxury bags. Cheap luxury bags.,1
1,58,61,201,28,Check out my latest photo. Working on my new project. Had an amazing trip with friends.,0
0,3,23,751,0,Earn $500 daily easily!,1
0,4,19,910,1,Discount codes available.,1
1,70,236,250,21,Life is good.,0
1,25,462,354,44,Just had a great coffee! Working on my new project.,0
0,1,15,969,7,Discount codes available. Follow for follow back.,1
1,70,69,372,28,Exploring new places. Check out my latest photo.,0
1,62,694,530,15,Loving the weather today. Can't wait for the weekend!,0
0,3,38,1032,2,Make money online fast. Discount codes available.,1
1,30,493,264,24,Happy birthday to me! Can't wait for the weekend!,0
0,6,4,809,3,Discount codes available. Earn $500 daily easily! Follow for follow back.,1
0,17,7,1050,10,Follow for follow back.,1
1,53,63,226,40,Happy birthday to me!,0
1,52,41,455,27,Loving the weather today.,0
1,4,261,418,29,Happy birthday to me! Learning Python is fun!,0
0,1,39,1294,0,Follow for follow back. Visit my profile for more.,1
1,51,661,151,30,Just had a great coffee! Just had a great coffee!,0
1,48,497,311,46,Working on my new project. Life is good. Can't wait for the weekend!,0
0,1,13,471,10,Cheap luxury bags. Follow for follow back.,1
1,2,3,723,3,DM for collaboration.,1
1,30,549,118,34,Just had a great coffee!,0
0,0,34,1093,3,Earn $500 daily easily! DM for collaboration.,1
0,1,15,1013,18,Cheap luxury bags. Visit my profile for more. Best deals on crypto.,1
1,23,20,1007,4,Best deals on crypto.,1
0,1,20,848,0,DM for collaboration.,1
0,5,15,1056,19,Discount codes available. Cheap luxury bags. DM for collaboration.,1
0,4,17,1032,6,Click here for free money! DM for collaboration.,1
1,66,196,165,38,Check out my latest photo.,0
0,5,19,742,2,Follow for follow back.,1
1,30,130,353,35,Learning Python is fun! Learning Python is fun!,0
0,3,10,1039,2,Follow for follow back. Follow for follow back.,1
1,21,175,95,42,Check out my latest photo. Learning Python is fun!,0
0,9,0,592,5,Cheap luxury bags. Click here for free money!,1
0,51,133,384,33,Learning Python is fun! Life is good.,0
1,1,16,820,2,Earn $500 daily easily!,1
1,9,3,1077,9,Click here for free money! Click here for free money!,1
0,2,11,953,0,Cheap luxury bags. Earn $500 daily easily!,1
1,4,7,1075,7,Make money online fast. Best deals on crypto. Earn $500 daily easily!,1
0,9,31,970,11,Win a free iPhone now.,1
0,13,3,997,4,DM for collaboration. Best deals on crypto. Discount codes available.,1
1,54,200,316,26,Working on my new project. Just had a great coffee!,0
0,0,4,855,4,Best deals on crypto. Best deals on crypto. Follow for follow back.,1
1,51,310,303,20,Working on my new project. Learning Python is fun!,0
1,3,7,1168,7,Follow for follow back. Make money online fast.,1
0,2,5,967,0,Follow for follow back. Win a free iPhone now. DM for collaboration.,1
1,15,5,1118,7,Click here for free money! Discount codes available.,1
1,1,15,931,8,Follow for follow back.,1
0,4,32,826,1,Best deals on crypto. DM for collaboration. Discount codes available.,1
1,78,298,284,32,Working on my new project. Can't wait for the weekend! Learning Python is fun!,0
0,17,9,1077,2,Cheap luxury bags.,1
1,29,368,389,34,Happy birthday to me! Happy birthday to me!,0
0,1,20,886,0,Follow for follow back. Discount codes available. Win a free iPhone now.,1
1,1,10,731,3,Follow for follow back.,1
1,23,701,337,28,Learning Python is fun! Just had a great coffee! Check out my latest photo.,0
0,1,8,777,0,Discount codes available.,1
0,0,7,921,0,Best deals on crypto.,1
0,1,17,1060,2,Click here for free money!,1
0,1,25,1332,13,Make money online fast. Cheap luxury bags. Make money online fast.,1
0,0,3,1163,5,Best deals on crypto. Click here for free money!,1
1,9,280,219,33,Just had a great coffee!,0
0,1,7,628,15,Make money online fast.,1
0,2,4,1069,0,Click here for free money! Earn $500 daily easily! Cheap luxury bags.,1
0,14,30,1198,12,Earn $500 daily easily! Best deals on crypto.,1
0,5,32,1026,1,Visit my profile for more. Earn $500 daily easily!,1
1,73,133,310,13,Just had a great coffee! Happy birthday to me!,0
1,10,0,405,1,Click here for free money!,1
0,16,1,1064,13,Make money online fast.,1
0,5,8,1081,2,Best deals on crypto. Visit my profile for more. Click here for free money!,1
0,1,42,910,8,Visit my profile for more. Best deals on crypto.,1
0,4,28,1262,3,DM for collaboration. Earn $500 daily easily!,1
1,106,285,252,23,Just had a great coffee!,0
1,20,1004,357,12,Life is good. Learning Python is fun!,0
1,23,296,287,37,Life is good. Exploring new places. Can't wait for the weekend!,0
1,47,248,334,26,Can't wait for the weekend! Life is good.,0
1,71,885,327,16,Just had a great coffee!,0
1,67,671,244,26,Happy birthday to me! Exploring new places. Exploring new places.,0
0,0,29,913,4,Follow for follow back.,1
1,7,70,869,4,Win a free iPhone now.,1
1,50,426,286,29,Life is good.,0
1,90,52,466,39,Check out my latest photo.,0
0,0,12,1233,0,Cheap luxury bags. Follow for follow back.,1
1,4,1,813,10,Follow for follow back.,1
1,0,34,1146,15,Earn $500 daily easily! Follow for follow back.,1
0,0,39,1283,2,Visit my profile for more. Visit my profile for more. DM for collaboration.,1
0,2,1,949,1,Discount codes available. DM for collaboration.,1
1,53,1093,433,36,Can't wait for the weekend! Working on my new project. Happy birthday to me!,0
1,54,601,238,31,Life is good.,0
1,8,15,652,0,DM for collaboration.,1
1,50,181,309,25,Had an amazing trip with friends. Check out my latest photo.,0
0,4,6,1101,0,Visit my profile for more. Click here for free money! Win a free iPhone now.,1
1,28,834,130,36,Exploring new places. Life is good.,0
1,56,563,279,32,Learning Python is fun! Check out my latest photo. Learning Python is fun!,0
1,45,828,88,31,Loving the weather today.,0
0,1,14,885,3,Follow for follow back.,1
1,68,182,309,31,Had an amazing trip with friends. Exploring new places.,0
1,0,61,272,14,Learning Python is fun! Life is good. Loving the weather today.,0
1,40,863,368,13,Just had a great coffee!,0
0,6,4,870,2,Visit my profile for more. Best deals on crypto. Discount codes available.,1
1,58,466,267,47,Working on my new project.,0
1,41,463,14,35,Had an amazing trip with friends.,0
0,3,1,1091,4,Cheap luxury bags. Win a free iPhone now.,1
0,1,2,1376,4,Follow for follow back. Follow for follow back. Best deals on crypto.,1
1,63,232,397,29,Had an amazing trip with friends.,0
1,43,108,314,17,Just had a great coffee! Life is good.,0
1,12,395,277,28,Learning Python is fun! Check out my latest photo.,0
1,0,25,1247,6,Visit my profile for more.,1
1,44,361,217,44,Life is good. Loving the weather today. Just had a great coffee!,0
0,3,46,1237,0,Make money online fast. Win a free iPhone now. Discount codes available.,1
1,70,581,242,28,Life is good. Happy birthday to me!,0
0,0,44,919,0,Earn $500 daily easily!,1
1,57,491,304,46,Exploring new places.,0
1,73,136,483,36,Loving the weather today. Working on my new project.,0
0,7,52,1289,3,Visit my profile for more.,1
1,31,55,233,15,Can't wait for the weekend!,0
1,14,196,292,17,Life is good. Life is good.,0
1,1,16,930,0,Earn $500 daily easily!,1
1,51,298,352,21,Just had a great coffee! Can't wait for the weekend!,0
0,2,30,821,21,Best deals on crypto.,1
0,9,26,1073,2,Follow for follow back. Visit my profile for more.,1
1,38,951,448,28,Check out my latest photo.,0
0,4,17,531,10,Click here for free money!,1
1,12,2,914,4,DM for collaboration. Cheap luxury bags.,1
1,23,285,297,32,Can't wait for the weekend! Can't wait for the weekend! Just had a great coffee!,0
0,34,672,377,26,Had an amazing trip with friends. Can't wait for the weekend! Check out my latest photo.,0
0,41,295,360,36,Had an amazing trip with friends.,0
1,84,108,442,33,Learning Python is fun! Working on my new project.,0
0,2,1,975,20,Make money online fast. Win a free iPhone now. Click here for free money!,1
0,0,34,715,2,Make money online fast.,1
0,3,8,839,0,Discount codes available.,1
1,58,142,371,31,Can't wait for the weekend! Life is good.,0
1,49,867,292,38,Learning Python is fun! Can't wait for the weekend!,0
1,47,23,189,30,Can't wait for the weekend! Exploring new places. Working on my new project.,0
1,41,143,238,26,Just had a great coffee! Can't wait for the weekend! Exploring new places.,0
1,56,544,386,12,Can't wait for the weekend!,0
1,32,302,289,27,Check out my latest photo. Had an amazing trip with friends. Had an amazing trip with friends.,0
1,40,303,482,29,Check out my latest photo. Happy birthday to me! Learning Python is fun!,0
0,7,16,1047,1,Follow for follow back. Earn $500 daily easily! Click here for free money!,1
1,78,38,274,13,Check out my latest photo. Had an amazing trip with friends. Can't wait for the weekend!,0
1,61,487,406,14,Can't wait for the weekend!,0
1,67,119,257,46,Exploring new places. Check out my latest photo. Happy birthday to me!,0
1,29,43,301,29,Working on my new project. Learning Python is fun!,0
1,54,1218,162,42,Just had a great coffee! Can't wait for the weekend!,0
1,46,54,299,2,Check out my latest photo.,0
0,22,9,1101,7,DM for collaboration. DM for collaboration. DM for collaboration.,1
1,45,442,320,26,Had an amazing trip with friends. Exploring new places.,0
0,2,13,1193,4,Best deals on crypto.,1
0,1,0,957,3,DM for collaboration.,1
1,36,271,209,44,Can't wait for the weekend! Working on my new project. Check out my latest photo.,0
0,17,10,1448,11,Best deals on crypto. Discount codes available. Cheap luxury bags.,1
1,2,8,803,0,Cheap luxury bags. Make money online fast.,1
0,1,57,1022,10,Follow for follow back.,1
1,48,600,261,25,Check out my latest photo.,0
1,37,1216,491,34,Happy birthday to me!,0
1,9,18,1235,13,Visit my profile for more.,1
0,3,10,724,4,Visit my profile for more. Follow for follow back.,1
1,1,23,743,3,Best deals on crypto.,1
0,8,7,853,1,Best deals on crypto. Discount codes available.,1
1,1,28,1150,0,Cheap luxury bags. Earn $500 daily easily!,1
1,50,106,224,29,Can't wait for the weekend! Loving the weather today.,0
0,42,2160,207,25,Learning Python is fun!,0
1,7,6,966,1,Win a free iPhone now. Earn $500 daily easily!,1
1,66,271,354,16,Exploring new places. Learning Python is fun! Loving the weather today.,0
1,2,390,451,28,Can't wait for the weekend! Happy birthday to me!,0
1,51,377,175,19,Life is good. Happy birthday to me!,0
1,54,1822,241,33,Happy birthday to me!,0
1,44,131,458,30,Can't wait for the weekend!,0
0,2,35,1231,1,Earn $500 daily easily! Best deals on crypto. Win a free iPhone now.,1
0,5,53,761,3,DM for collaboration. Make money online fast.,1
1,11,3,927,0,Best deals on crypto.,1
0,5,40,877,0,Make money online fast. Cheap luxury bags.,1
1,44,218,253,39,Can't wait for the weekend!,0
0,0,13,852,1,DM for collaboration.,1
0,3,17,792,16,DM for collaboration.,1
1,37,454,80,31,Loving the weather today.,0
1,32,1278,513,5,Can't wait for the weekend! Just had a great coffee! Working on my new project.,0
1,62,683,308,39,Can't wait for the weekend! Exploring new places. Working on my new project.,0
0,0,49,755,0,Earn $500 daily easily!,1
0,7,17,938,15,Click here for free money!,1
0,2,2,948,0,Win a free iPhone now. Discount codes available. Make money online fast.,1
1,86,637,207,47,Can't wait for the weekend! Had an amazing trip with friends. Exploring new places.,0
0,0,32,795,1,Follow for follow back.,1
1,23,325,133,23,Can't wait for the weekend! Life is good. Can't wait for the weekend!,0
1,9,11,1174,7,Best deals on crypto.,1
1,9,367,431,34,Exploring new places. Can't wait for the weekend!,0
1,44,536,305,22,Learning Python is fun! Happy birthday to me!,0
1,31,76,198,45,Check out my latest photo.,0
1,20,28,1137,7,Discount codes available. Win a free iPhone now.,1
1,49,201,342,33,Can't wait for the weekend! Check out my latest photo.,0
0,117,702,196,32,Exploring new places.,0
0,2,25,728,0,Win a free iPhone now.,1
1,0,69,1071,2,Win a free iPhone now. Earn $500 daily easily!,1
0,6,0,1295,0,DM for collaboration.,1
0,15,61,1079,1,Best deals on crypto. Cheap luxury bags.,1
1,59,110,435,37,Check out my latest photo. Learning Python is fun! Exploring new places.,0
0,2,12,814,4,Follow for follow back.,1
0,11,0,758,13,Win a free iPhone now.,1
1,59,606,479,21,Had an amazing trip with friends. Had an amazing trip with friends. Exploring new places.,0
0,7,11,919,0,Click here for free money! Best deals on crypto.,1
1,77,565,221,35,Had an amazing trip with friends.,0
1,40,152,181,20,Learning Python is fun!,0
1,62,92,379,17,Happy birthday to me! Just had a great coffee! Life is good.,0
1,79,1351,293,24,Had an amazing trip with friends. Can't wait for the weekend! Learning Python is fun!,0
0,85,993,339,19,Just had a great coffee! Working on my new project.,0
1,27,107,53,18,Learning Python is fun!,0
1,68,119,301,38,Working on my new project. Learning Python is fun! Had an amazing trip with friends.,0
0,3,14,1174,7,Click here for free money!,1
1,38,460,317,30,Can't wait for the weekend! Had an amazing trip with friends.,0
0,9,48,884,2,Click here for free money! Make money online fast.,1
1,60,117,346,15,Working on my new project.,0
0,0,50,1008,2,Follow for follow back.,1
1,43,255,281,44,Exploring new places. Learning Python is fun!,0
1,13,18,1091,7,Discount codes available. Follow for follow back.,1
0,0,17,1047,7,Win a free iPhone now.,1
1,51,297,144,24,Had an amazing trip with friends.,0
0,0,18,726,9,Earn $500 daily easily!,1
1,69,1600,135,14,Happy birthday to me! Life is good. Life is good.,0
0,7,76,1016,0,Make money online fast. DM for collaboration. Click here for free money!,1
1,49,127,367,43,Happy birthday to me! Check out my latest photo.,0
0,1,6,947,1,Cheap luxury bags. Cheap luxury bags. Make money online fast.,1
1,87,844,382,13,Loving the weather today.,0
1,40,963,240,34,Had an amazing trip with friends.,0
1,15,27,773,3,Follow for follow back. DM for collaboration. Follow for follow back.,1
0,3,68,1081,3,Make money online fast. Make money online fast.,1
0,1,41,858,37,Visit my profile for more.,1
0,3,3,975,4,Earn $500 daily easily! Discount codes available. Earn $500 daily easily!,1
1,5,11,984,1,Visit my profile for more. Earn $500 daily easily! Click here for free money!,1
1,73,438,277,20,Exploring new places. Can't wait for the weekend!,0
1,53,387,356,32,Had an amazing trip with friends. Happy birthday to me! Check out my latest photo.,0
0,0,22,724,0,Visit my profile for more. Earn $500 daily easily!,1
1,27,643,162,26,Loving the weather today.,0
0,7,61,1090,0,Best deals on crypto. Cheap luxury bags.,1
1,5,27,1043,0,Win a free iPhone now. Win a free iPhone now.,1
0,0,4,834,4,Discount codes available.,1
0,2,23,1061,1,Earn $500 daily easily! Earn $500 daily easily! DM for collaboration.,1
0,0,56,754,5,Make money online fast.,1
0,2,3,1049,3,Click here for free money!,1
0,1,46,1344,20,Earn $500 daily easily!,1
0,0,5,975,3,Discount codes available.,1
1,57,42,207,18,Can't wait for the weekend! Had an amazing trip with friends.,0
1,54,449,296,35,Exploring new places. Happy birthday to me! Life is good.,0
1,62,1495,454,27,Loving the weather today. Working on my new project.,0
0,2,1,856,0,Visit my profile for more.,1
1,30,598,207,32,Learning Python is fun! Working on my new project. Had an amazing trip with friends.,0
1,8,36,1187,3,Best deals on crypto.,1
0,14,3,999,2,Visit my profile for more. Best deals on crypto. Cheap luxury bags.,1
1,35,47,276,22,Can't wait for the weekend!,0
0,1,9,1187,11,Best deals on crypto. Cheap luxury bags.,1
1,68,757,464,48,Just had a great coffee! Learning Python is fun!,0
0,2,34,1008,3,Discount codes available. Discount codes available.,1
0,5,9,1078,2,Discount codes available. Win a free iPhone now.,1
1,51,213,302,41,Happy birthday to me! Had an amazing trip with friends.,0
0,0,26,1002,0,DM for collaboration.,1
1,97,116,377,33,Can't wait for the weekend! Just had a great coffee! Learning Python is fun!,0
1,55,217,337,20,Had an amazing trip with friends.,0
1,47,600,291,29,Learning Python is fun!,0
1,64,150,202,23,Working on my new project.,0
1,26,125,258,24,Working on my new project. Happy birthday to me! Check out my latest photo.,0
1,0,8,934,2,Win a free iPhone now. Follow for follow back. Click here for free money!,1
1,4,3,953,2,DM for collaboration.,1
1,18,166,342,37,Just had a great coffee!,0
1,65,527,442,24,Happy birthday to me! Loving the weather today.,0
0,1,24,638,2,DM for collaboration. Discount codes available.,1
1,16,1490,138,13,Had an amazing trip with friends. Exploring new places.,0
1,6,15,1071,4,Cheap luxury bags. Discount codes available. Click here for free money!,1
1,0,13,1214,5,DM for collaboration. Discount codes available.,1
0,3,5,1409,0,Best deals on crypto. Make money online fast.,1
0,1,5,3000,2,Earn money fast click here,1
